disease,pesticide,description,usage,precautions
Apple Black Rot,Captan,Protective fungicide effective against apple black rot,"Apply 2-3 kg/ha of Captan mixed with water. Spray Captan at 7-10 day intervals, especially during warm, humid weather","Wear protective equipment (gloves, goggles, long-sleeved clothing, and respirator). Do not apply during hot weather (above 30°C). Observe 3-day pre-harvest interval. Store in a cool, dry place away from direct sunlight. Keep containers tightly closed and out of reach of children and pets. Wash hands thoroughly after handling. Avoid contact with eyes and skin. Dispose of empty containers properly according to local regulations."
Apple Scab,Mancozeb,Broad-spectrum protective fungicide effective against apple scab,"Apply 2-3 kg/ha of Mancozeb mixed with water. Spray Mancozeb at 10-14 day intervals during wet periods","Wear protective equipment. Do not spray during flowering. Observe 7-day pre-harvest interval"
Powdery Mildew,Sulfur,Organic fungicide effective against powdery mildew,"Apply 3-5 kg/ha of Sulfur as dust or wettable powder. Spray Sulfur at 7-10 day intervals","Do not apply when temperature exceeds 32°C. Wear protective mask to avoid inhalation"
Healthy,None,No pesticide treatment needed,"Maintain good agricultural practices and monitor plant health regularly","Continue regular inspection for early disease detection"
